{"U001": {"pitch_mean": 188.4056859923931, "pitch_std": 55.15508832518824, "rms": 0.14701902940869332, "speaking_rate": 6.023945962194043, "pause_ratio": 0.2062319799718911}, "U002": {"pitch_mean": 175.8248755898289, "pitch_std": 86.17384202466113, "rms": 0.09615976512432098, "speaking_rate": 5.276555829279331, "pause_ratio": 0.1223972139350538}, "U003": {"pitch_mean": 197.22036541355646, "pitch_std": 103.69402022924183, "rms": 0.1274528820067644, "speaking_rate": 6.401557337348881, "pause_ratio": 0.1485699878734091}, "U004": {"pitch_mean": 119.694447050959, "pitch_std": 75.48760184117558, "rms": 0.09855107180774211, "speaking_rate": 6.526841705401019, "pause_ratio": 0.1249598122381288}, "U005": {"pitch_mean": 196.34622674958877, "pitch_std": 55.50223799721903, "rms": 0.12843547835946084, "speaking_rate": 6.391939540708206, "pause_ratio": 0.14007639988886414}, "U006": {"pitch_mean": 143.031388152887, "pitch_std": 73.72575264047035, "rms": 0.12094159200787544, "speaking_rate": 5.817617935216411, "pause_ratio": 0.03832869936819611}, "U007": {"pitch_mean": 176.7896526647851, "pitch_std": 45.68601334777408, "rms": 0.14701095893979071, "speaking_rate": 6.793953101761867, "pause_ratio": 0.2077946809899301}, "U008": {"pitch_mean": 173.27921018844162, "pitch_std": 44.09714335999455, "rms": 0.15188143849372865, "speaking_rate": 7.318862891093369, "pause_ratio": 0.2816159560495392}, "U009": {"pitch_mean": 130.27552180500484, "pitch_std": 53.51549274843378, "rms": 0.1829994097352028, "speaking_rate": 6.1325247406325785, "pause_ratio": 0.20541147914287833}, "U010": {"pitch_mean": 199.7059369285849, "pitch_std": 72.1955393769319, "rms": 0.12614862620830536, "speaking_rate": 6.340234422073235, "pause_ratio": 0.1969667127956954}, "U011": {"pitch_mean": 199.61808544225124, "pitch_std": 90.7367193332881, "rms": 0.09472639821469783, "speaking_rate": 5.91888099939883, "pause_ratio": 0.18372574492860486}, "U012": {"pitch_mean": 175.05885167170177, "pitch_std": 77.87697953282995, "rms": 0.11021154448390007, "speaking_rate": 6.28875199697241, "pause_ratio": 0.05220422082492082}, "U013": {"pitch_mean": 203.35309309965982, "pitch_std": 86.40582126783909, "rms": 0.09898728840053081, "speaking_rate": 4.512064105199294, "pause_ratio": 0.20905998257471187}, "U014": {"pitch_mean": 178.79093253931006, "pitch_std": 65.41886808349514, "rms": 0.12001601681113243, "speaking_rate": 5.080886771933976, "pause_ratio": 0.1934302580869635}, "U015": {"pitch_mean": 130.53676021480095, "pitch_std": 28.200954656317737, "rms": 0.1562192529439926, "speaking_rate": 7.334328698484133, "pause_ratio": 0.09064153964826396}, "U016": {"pitch_mean": 146.6736262060471, "pitch_std": 82.98364348250153, "rms": 0.10806272998452186, "speaking_rate": 3.5368309477274407, "pause_ratio": 0.011334372312025795}, "U017": {"pitch_mean": 171.79856873580815, "pitch_std": 74.61466182009988, "rms": 0.09508937448263169, "speaking_rate": 4.1466506145318895, "pause_ratio": 0.015810286179822903}, "U018": {"pitch_mean": 111.83687528853736, "pitch_std": 56.38749901944177, "rms": 0.12101436927914619, "speaking_rate": 6.3552421149926674, "pause_ratio": 0.18904931605087433}, "U019": {"pitch_mean": 206.90638423259225, "pitch_std": 99.3366773196444, "rms": 0.11174041628837586, "speaking_rate": 5.173807552222395, "pause_ratio": 0.1244566245521336}, "U020": {"pitch_mean": 211.19462269341966, "pitch_std": 103.5537709079847, "rms": 0.12929263189435006, "speaking_rate": 5.783351110889123, "pause_ratio": 0.33293976646636453}, "U021": {"pitch_mean": 141.9779073922298, "pitch_std": 39.06704548447111, "rms": 0.17357364371418954, "speaking_rate": 6.898755210057557, "pause_ratio": 0.13711478925871728}, "U022": {"pitch_mean": 134.6245555345029, "pitch_std": 51.725508651501954, "rms": 0.14316065683960916, "speaking_rate": 7.345529219886475, "pause_ratio": 0.19110934971488422}, "U023": {"pitch_mean": 174.74886372034916, "pitch_std": 72.26982703134846, "rms": 0.12345141991972923, "speaking_rate": 5.413708750149883, "pause_ratio": 0.16726376663346704}}